,False,True,accuracy,macro avg,weighted avg
precision,0.9852790140362889,0.75,0.984957264957265,0.8676395070181444,0.9815788996275131
recall,0.9996526571726294,0.06521739130434782,0.984957264957265,0.5324350242384887,0.984957264957265
f1-score,0.9924137931034483,0.12,0.984957264957265,0.5562068965517242,0.9786937813144709
support,2879.0,46.0,0.984957264957265,2925.0,2925.0
