,False,True,accuracy,macro avg,weighted avg
precision,0.8518296340731853,0.4513556618819777,0.6799041424169805,0.6515926479775815,0.7403659779994257
recall,0.6736242884250474,0.6961869618696187,0.6799041424169805,0.6849056251473331,0.6799041424169805
f1-score,0.7523178807947021,0.5476536042573779,0.6799041424169805,0.64998574252604,0.6953538079344335
support,2108.0,813.0,0.6799041424169805,2921.0,2921.0
