,False,True,accuracy,macro avg,weighted avg
precision,0.9842735042735042,0.0,0.9842735042735042,0.4921367521367521,0.9687943312148439
recall,1.0,0.0,0.9842735042735042,0.5,0.9842735042735042
f1-score,0.9920744314266023,0.0,0.9842735042735042,0.49603721571330117,0.9764725771204062
support,2879.0,46.0,0.9842735042735042,2925.0,2925.0
